{"cameraMode":{"drawMode":0,"name":"Shaded","section":"Shading Mode"},"sceneLighting":false,"audioPlay":false,"sceneViewState":{"m_AlwaysRefresh":false,"showFog":true,"showSkybox":false,"showFlares":true,"showImageEffects":true,"showParticleSystems":true,"showVisualEffectGraphs":true,"m_FxEnabled":true},"in2DMode":false,"pivot":{"x":-4.048994064331055,"y":-1.346029281616211,"z":2.2371063232421877},"rotation":{"x":-0.0038232197985053064,"y":0.9951169490814209,"z":-0.08860921859741211,"w":-0.04301707446575165},"size":1.907106637954712,"orthographic":false}