{"cameraMode":{"drawMode":0,"name":"Shaded","section":"Shading Mode"},"sceneLighting":true,"audioPlay":false,"sceneViewState":{"m_AlwaysRefresh":false,"showFog":true,"showSkybox":true,"showFlares":true,"showImageEffects":true,"showParticleSystems":true,"showVisualEffectGraphs":true,"m_FxEnabled":true},"in2DMode":false,"pivot":{"x":-1.4582526683807374,"y":-3.137892484664917,"z":-5.698892116546631},"rotation":{"x":0.0034418099094182255,"y":0.9907341599464417,"z":-0.13336583971977235,"w":0.025567565113306047},"size":13.342609405517579,"orthographic":false}